{"meta_step":50,"batch/v_gen_mean":0.7931709558047938,"vphy_std/model_2":0.015926724299788475,"corr_loss/model_1":7.994050974957645e-06,"batch/v_phy_mean":0.11796329504458769,"_runtime":94,"avg_train_loss":0.17166302104791006,"avg_gate_meta_loss":0.4431842664877574,"avg_ood_val_loss":0.2599467883507411,"final_avg_iid_val_loss":2.899791827102502,"vgen_std/model_2":0.06938036531209946,"corr_loss/model_0":7.919210474938154e-06,"vgen_std/model_0":0.06394757330417633,"avg_meta_grad_norm":0.0009170739018979172,"final_avg_ood_val_loss":1.5408855376640955,"_wandb":{"runtime":94},"batch/gate0_mean":0.5139302840455162,"_timestamp":1.7711794862955894e+09,"corr_loss/model_2":7.463562269549584e-06,"vphy_std/model_0":0.014425472356379032,"_step":49,"vphy_std/model_1":0.014163341373205185,"avg_iid_val_loss":0.19815360009670258,"final_avg_train_loss":0.6411515351384878,"batch/gate1_mean":0.6860697357751077,"vgen_std/model_1":0.05748984217643738}